<?xml version="1.0" encoding="UTF-8"?>
<FileZilla3 version="3.65.0" platform="windows">
	<Queue>
		<Server>
			<Host>ftp.cintasyetiquetaslorel.com</Host>
			<Port>21</Port>
			<Protocol>6</Protocol>
			<Type>0</Type>
			<User>administracion@cintasyetiquetaslorel.com</User>
			<Pass encoding="base64">SmFtZXMwMTAu</Pass>
			<Logontype>1</Logontype>
			<PasvMode>MODE_DEFAULT</PasvMode>
			<EncodingType>Auto</EncodingType>
			<BypassProxy>0</BypassProxy>
			<Name>LOREL</Name>
			<File>
				<LocalFile>C:\Users\sistemas07\AppData\Local\Temp\fz3temp-2\product.html</LocalFile>
				<RemoteFile>product.html</RemoteFile>
				<RemotePath>1 0 11 public_html</RemotePath>
				<Flags>32784</Flags>
				<Size>15346</Size>
				<Priority>3</Priority>
			</File>
			<File>
				<LocalFile>C:\Users\sistemas07\AppData\Local\Temp\fz3temp-2\estilos.css</LocalFile>
				<RemoteFile>estilos.css</RemoteFile>
				<RemotePath>1 0 11 public_html 3 css</RemotePath>
				<Flags>32784</Flags>
				<Size>5763</Size>
				<Priority>3</Priority>
			</File>
			<File>
				<LocalFile>C:\Users\sistemas07\AppData\Local\Temp\fz3temp-2\estilos.css</LocalFile>
				<RemoteFile>estilos.css</RemoteFile>
				<RemotePath>1 0 11 public_html 3 css</RemotePath>
				<Flags>32768</Flags>
				<Size>6393</Size>
				<Priority>3</Priority>
			</File>
			<File>
				<LocalFile>C:\Users\sistemas07\estilos.css</LocalFile>
				<RemoteFile>estilos.css</RemoteFile>
				<RemotePath>1 0 11 public_html 3 css</RemotePath>
				<Flags>32784</Flags>
				<Size>5965</Size>
			</File>
		</Server>
	</Queue>
</FileZilla3>
